,Country Name,Country Code,1961,1962,1963,1964,1965,1966,1967,1968,1969,1970,1971,1972,1973,1974,1975,1976,1977,1978,1979,1980,1981,1982,1983,1984,1985,1986,1987,1988,1989,1990,1991,1992,1993,1994,1995,1996,1997,1998,1999,2000,2001,2002,2003,2004,2005,2006,2007,2008,2009,2010,2011,2012,2013,2014,2015,2016,2017,2018,2019,2020,2021,2022,2023,2024,2025
9,Argentina,ARG,5.42784287621933,-0.852021521903339,-5.30819682539126,10.1302976615431,10.5694333376394,-0.659726170629824,3.19199662339177,4.82250077932424,9.67952601078326,3.04564331917115,5.65813108184925,1.62841651825939,2.81175403849035,5.5338043957736,-0.0284121037110907,-2.01825151683394,6.93414775653342,-4.50612480201359,10.2227634638681,1.51878394990179,-5.18978914135593,-0.735659159103619,4.34909327926756,1.57073870182023,-5.18902435343904,6.15337706275693,2.70486882770558,-1.08993334133791,-7.15694965597953,-2.46721377810472,9.13311056738961,7.93729155643076,8.20697907221228,5.83620070368526,-2.84520961057079,5.52668982715234,8.1110467707457,3.85017885156228,-3.38545704063269,-0.78899893905691,-4.40883968258557,-10.8944848285903,8.83704079576924,9.02957330068152,8.85165992013437,8.04715150043027,9.00765087504757,4.05723310346406,-5.91852507634947,10.1253981561002,6.00395169280579,-1.0264204544321,2.40532378079436,-2.51261532081394,2.73115982828944,-2.08032784377811,2.81850297775918,-2.61739646282038,-2.00086100285785,-9.9004848136464,10.4418119882506,6.02074537534855,-1.85578803046339,-1.34293072157739,4.36733330217022
12,Antigua y Barbuda,ATG,4.89227701008051,5.41188961342047,4.71029133985073,5.8000000040378,4.93054100754495,5.374419926244045,4.13486416579858,5.21514161490035,4.73690901583991,4.94188689356858,4.3046924914760805,5.13657134176563,5.504994988357835,5.43490275126951,2.561627639769175,5.298744202312005,5.626283731931795,4.38351247709541,8.07944622901869,8.16198385854459,3.81444815121563,-0.0835066842627157,5.36381884798783,10.1652301394506,7.64384442301511,11.4936693741042,6.6261349331762,5.21313204893121,5.25230146300468,3.01181316687232,2.17685217398964,1.15855077710827,5.27988683522082,6.67640654973411,-4.35978466639605,6.6049448827643,5.47125581395349,4.73127914935051,3.70774594512658,6.20355212555867,-4.54810977120295,1.02723486062159,6.07663666406602,5.76710338270556,6.47368941781741,12.7081474873625,9.31518272315685,-0.0140065981851762,-11.9628794703471,-7.84050683730972,-1.95874262217572,3.37314273947959,-0.600982329599361,2.19829188738797,1.42161997595372,4.1203675438061,2.71272657973627,6.71200487159726,3.1722219373937,-18.8687765208148,8.17286311186622,8.49776342254205,3.86550160079324,2.54044193946544,4.99803998431987
23,Bahamas,BHS,10.6670974062853,10.4519718914791,10.524055218681,10.5015672000336,10.4255964611444,9.07192872047429,9.59811387222918,8.42176356182298,8.98166256974302,-5.64964950396579,1.62650874068258,-3.49733593905746,7.56756882672917,-16.7542290832579,-14.8031263075446,5.18518497429477,9.15492920885433,14.1795201542182,26.1392957664775,6.49528192098035,-9.22640508127346,6.69889774710882,3.59705186742775,14.1711486350236,4.8291801053918,1.79700023310696,2.98451933857808,2.30970766214169,6.72732980687955,-1.59624908755521,-4.18178502345002,-3.82558229706301,0.307806596011844,3.14891597200189,4.37875203482501,4.22353036224139,1.28775320549799,4.71679855496301,7.14410390677141,4.14841930754267,2.62600982683425,2.70495624731029,-1.26491667612372,0.882373744518318,3.39608420536011,2.51659221712706,1.44609991235758,-2.32364807041851,-4.17542805647342,1.53866248693835,0.613170735890648,4.52003886739061,-2.86320081549439,1.8469701294558,0.997411675486745,-1.15650811269629,3.3713988456489,2.39795510823548,-0.838585871193203,-20.0893664891399,17.5861390037409,10.8779009410268,3.04824180553773,3.37866553336166,2.724158767638825
26,Belice,BLZ,4.89227701008051,4.89265226468763,4.95643417667813,4.99987981197741,4.93054100754495,4.77084518419552,4.91312320896799,7.36722545020247,5.1063747050941,4.80769339437559,3.95944112009168,10.2183037621063,5.35189410587191,13.5599852156644,3.59282437676988,-0.034020934426735,6.49659440643893,7.92080717322925,7.51702144443351,12.1087499161075,1.1332973556395,-0.106723585912476,-2.1474358974359,1.97619827492083,1.00642398286939,4.54738181047276,10.7269593429991,9.78848090834173,13.0108423686405,11.3429425965195,11.7787032699319,12.7362233602929,6.13788542592131,-0.0199863391166843,0.731558011871286,1.10530578663676,4.2346158780441,3.89301999542513,9.42319471476534,12.2406120663359,4.99356206143864,5.39907320663811,9.66522679614125,4.78066505273344,2.2191905367057,4.51145460193301,3.33939738340764,-1.62747776449082,-0.446709636828217,1.41741099233461,-0.13007112300869,3.94389321816617,4.06646561608865,3.89226067249989,2.7602602736023,-0.0187414958130319,-1.83323729057784,0.822068592512508,4.25658710030072,-13.5228997055506,17.9899244143607,9.25051329530994,0.500127941638667,3.50466435023895,2.74831731763744
28,Bolivia,BOL,2.08929594236771,5.57891786210311,6.79762576905422,3.95659653084577,4.91344195525969,7.17058966306622,6.31721951733543,8.52944308831106,4.47409732886858,5.23102930423347,5.06333643861974,7.967485209709,5.73916152572539,2.93956780827851,7.31101773140004,4.6145674859863,4.97121565700287,2.05269456633248,0.133344047803448,-1.37177291052787,0.275616372775957,-3.93873792499589,-4.04212140271022,-0.200665696939325,-1.67638978272157,-2.57388420056624,2.46348461969905,2.90949796034215,3.79013096203738,4.63578742813344,5.26652663501228,1.64649821845634,4.26929615211904,4.66726507417057,4.67827659737812,4.36134197138718,4.95420873383996,5.02935475584462,0.426885378297442,2.50781081484664,1.68379914527159,2.48556576601922,2.7113398065361,4.1732955905708,4.42143313550196,4.79700881067477,4.56438425143126,6.14849787777658,3.35699958346049,4.12672258996274,5.20409245282328,5.12227560125973,6.79601141268498,5.46056949136766,4.85718718508603,4.26392086992173,4.19520633364647,2.86808404814794,1.50672102666863,-12.7194690092717,10.0290488827886,3.74741781241461,2.51636590154891,-1.12335595517212,-1.58237567348246
29,Brasil,BRA,8.60000000000014,6.59999999999992,0.600000000000065,3.39999999999985,2.40000000000001,6.7000000000001,4.2,9.79999999999998,9.49999999999993,10.4,11.3429219931908,11.9403481162508,13.9687217796782,8.15393868457201,5.16664908406321,10.2571295347867,4.93432806978961,4.96989768924738,6.7595601220408,9.19999999999976,-4.24999999999956,0.829999999999529,-2.92999999999996,5.39999999999988,7.85000000000042,7.48999999999982,3.52999999999983,-0.059999999999917,3.16000000000032,-4.35000000000022,1.03218958549303,-0.54407204977727,4.9246900037071,5.85287036219013,4.22379363350413,2.20886405039022,3.39484598630671,0.338097901207306,0.467937566477133,4.38794944745618,1.38989640095637,3.05346185909312,1.14082899824888,5.75996463670954,3.20213206130431,3.96198871122617,6.06987060678338,5.09419544658736,-0.125812002161169,7.52822581815364,3.97442307944702,1.92117598576537,3.00482266944432,0.503955740242247,-3.54576339269425,-3.27591690782192,1.32286905404399,1.783666761634,1.22077782360842,-3.2767587964736,4.76260437908608,3.01669435393015,3.24165532906981,3.41931516501906,2.2857464902475
30,Barbados,BRB,7.69652980063537,9.06075860946092,-5.07842107998037,5.00487575497692,11.4348434925182,4.00337124242253,10.6361361469399,6.92182132881096,7.51840479457435,9.50940299137403,3.91272243933396,1.27380067229434,1.34070042405897,-4.65084124049893,-1.90000000274694,4.36021101015125,3.64220575797367,4.87693931117663,7.89300814347777,4.37306481224466,-1.89975157094865,-4.90093847758146,0.501253132832375,3.60037406483768,1.09823980743214,5.10416666666653,2.59096701118531,3.50538227987897,3.5999999999997,-3.30759330759331,-3.89990721506513,-5.69252080356588,0.793068842655458,2.01078208266563,2.0139983230294,3.97647593869304,4.74010359217981,3.72846419786779,0.33465616730885,4.44718949183194,-2.36546415544167,0.787401645449506,2.175481019956,1.411597864066,3.95545709487497,6.07054679359618,2.07918360507011,0.633460425791839,-5.01727544996282,-8.08072121134387,-0.074211165126286,-2.85797051387257,0.195322007310409,0.807325350394564,-0.772620078410995,1.41632446821541,0.654655602860373,-0.252085325827849,0.241099789148677,-17.4059314651747,8.0198770096479,15.9453206225473,1.81419817804516,3.3669492581395,2.70000021764021
35,Canadá,CAN,3.16329173248933,7.42783725181209,5.29744007975117,6.65599998250741,6.31719994750095,6.75969011323785,3.06542075476872,5.00827413057785,5.06703238381456,2.91871305007516,4.01884505535331,5.51966992842571,6.72864152445543,3.35777594002199,1.5454033371204,5.88927591475903,3.53482658557137,3.73597640512338,3.72519945403704,2.17719922747995,3.41506517464589,-3.16615029457148,2.56225365883793,5.89856946503677,4.73768071614444,2.12148088392294,4.07201567327779,4.41083906453277,2.33732982035617,0.202947848289654,-2.09105516498515,0.890466243956382,2.65770683842972,4.49404933882288,2.68232826962129,1.68896122145787,4.28016680422402,3.89288658501088,5.14100348449622,5.13853918994158,1.87509813099847,2.99925533832644,1.8063851195103,3.09236381038156,3.21045441502793,2.63794375302722,2.04990459443619,0.995406371264522,-2.91508627059555,3.09080633744851,3.1371944343876,1.75566133205234,2.32581356612762,2.87346675579731,0.64997101491096,1.03855091989323,3.03383491841392,2.74296341402246,1.90843193887251,-5.03823342794087,5.95052804984759,4.69541985045903,1.95308552199025,2.04626605401701,1.74268536175708
39,Chile,CHL,5.51961070344885,3.93078479110629,5.68667190016438,2.46113427734542,0.670838636062939,11.4634218589357,3.58811073177469,3.57371701447551,4.10317976748962,1.69447257971353,9.57107393842624,-0.712365918422577,-5.03775611682208,1.2495800122858,-12.2737621533613,3.60469484521828,11.1491944807539,8.02682491365691,8.43582175738598,8.17228334347537,6.71863895635887,-11.5020620535762,-4.9352297090374,3.98371018713553,3.55239860775048,5.40556438635799,6.73884253090458,7.35081069623416,10.3583568690228,3.59872304691744,7.75620189312957,11.5019314370192,6.6855844008042,5.07680374667352,9.25542757753573,7.1148626270751,7.3917392684331,4.18088662700669,-0.2736313981937,4.9716214882971,3.15403492459967,3.20279913520113,4.72324526861041,6.67425416822923,5.83704571917758,6.04999082563968,5.16823098528431,3.78939280635238,-1.11803723642878,5.85165102224047,6.22389678509138,6.15534001855494,3.30850824710085,1.79264947139259,2.15194249981184,1.753038749071,1.35769537343957,3.99002947789977,0.644223402631923,-6.1396969411886,11.3374032409913,2.06391864254198,0.677024831595858,2.80512637106611,2.45925474781374
45,Colombia,COL,5.08921698439107,5.41188961342047,3.28670755407101,6.16694132350723,3.60001138983772,5.23673586229452,4.13486416579858,5.93311799878289,6.10251730873333,6.20779696127698,5.9607279462907,7.66914754440097,6.72295496919133,5.74575718912141,2.32325528115796,4.7283687345395,4.15850545346419,8.4699008376688,5.37911898820207,4.08735367550767,2.27687274512178,0.948420786604515,1.57395603843689,3.35068373940706,3.1071061957296,5.82407613745866,5.36893214821323,4.06417324490376,3.41409610966596,4.28199833053058,2.00160759559029,4.04492943933556,5.38540993901029,5.81466190724336,5.20243759278655,2.05585471287195,3.43029367788374,0.569784088434517,-4.20401524244947,2.92486148176778,1.67789830787579,2.50398046659659,3.91827190322513,5.33302206759905,4.82876110773741,6.71686869844402,6.73819469090975,3.28344618616541,1.13964864548062,4.49465897070922,6.94789198173555,3.91263576716115,5.13399351995672,4.49903000110972,2.95590137527523,2.08738250162794,1.35936086788746,2.56432428277704,3.18685539245533,-7.18591413760859,10.8011981904878,7.32827729427979,0.841819555752039,1.49330728771066,2.64201548985928
48,Costa Rica,CRI,1.8792765563641,5.44239137528257,6.89892344200919,3.65904831413995,8.1905275942481,6.96931903096751,5.65012592038399,8.47330434699469,5.4917999425584,7.5031343433506,6.77850542642196,8.17804513351513,7.70891581191245,5.54489999097116,2.10007104948495,5.51756440295593,8.90447443155162,6.26768682442558,4.93912395498315,0.751895403326387,-2.26165550729671,-7.28556884666179,2.86299270239465,8.02410790730326,0.72160172926823,5.53625084315684,4.76453327969504,3.43214737968852,5.66597554871322,3.55306336572279,2.26565496296189,9.20110358278828,7.09719089594824,4.51902842051615,4.15395329584814,1.35045951266757,5.47616597492105,7.08853729218445,4.147800457203,3.80207210664838,3.49117013515725,3.41687615891895,4.31718000096654,4.42459978667458,3.97666631433462,7.3266951372695,8.21513209207497,4.73817511214847,-0.87345608994562,5.36034347722267,4.40315921836142,4.88259252932575,2.49476596233289,3.54210997703849,3.65208093006359,4.20432320775184,4.15769914676933,2.85285959760458,2.70813912948329,-4.14159340574358,8.21817953969082,5.46119455235068,4.79187732359398,4.08292444182048,4.56033547844829
50,Cuba,CUB,4.89227701008051,5.41188961342047,4.71029133985073,5.8000000040378,4.93054100754495,5.374419926244045,4.13486416579858,5.21514161490035,4.73690901583991,4.94188689356858,8.58385901163629,4.82668584313927,3.43448853582437,0.984491815760862,9.47642606915934,5.4279604586732,8.7095028615293,6.59599856337493,1.08818330173155,-4.84944295088555,19.6883343337449,8.91823496493072,5.4114707238347,7.92971651513383,1.59667459807866,0.0953033856467584,-2.40217253779804,3.70553990905537,0.680083233154079,-2.94856494503389,-10.6926971084884,-11.5806030812698,-14.8781806947595,0.716930310416799,2.45720117243687,7.83874965899149,2.78342504174314,0.159146052326719,6.18875530352257,5.9147601740486,3.18502990449461,1.42482126141282,3.79274022304334,5.77053807021559,11.2016564219094,12.0658631129953,7.26213696647943,4.11682804164681,1.4513054307407,2.39035229650723,2.80230083647626,3.01490028898772,2.74760256257211,1.04757663187654,4.4383335888395,0.512843095700745,1.80979178380274,2.24794852913217,-0.163087223606624,-10.9494359030206,1.25448735650322,1.77465227724316,-1.92937123169681,-1.06173273220524,2.724158767638825
57,Dominica,DMA,4.89227701008051,5.41188961342047,4.71029133985073,5.8000000040378,4.93054100754495,5.374419926244045,4.13486416579858,5.21514161490035,4.73690901583991,4.94188689356858,4.3046924914760805,5.13657134176563,5.504994988357835,5.43490275126951,2.561627639769175,5.298744202312005,5.626283731931795,10.5357457303524,-18.3592854062593,13.3831821469051,10.829331110484,4.12768352803022,2.55631790150646,4.19664686909995,1.42093316227962,7.07335660054757,6.30756102261223,7.81662301716332,-0.191136403056177,5.41798351146888,1.3477691598669,2.02941338180298,2.16142138921818,0.034477526872962,3.0308658627128,3.10419572470771,2.18562742404438,3.77423043853915,0.354077659205259,2.3402193777688,-0.0638434428881567,-3.08742052359268,5.80495468629533,4.09783662273917,0.915286472779144,4.40077479812059,5.3579375575878,7.12131217762231,-1.13575145648322,-0.105610857694984,0.0427388878891435,-0.15739179314221,0.0045039972976042,2.33521742067693,-3.37338262476895,1.44724556489263,-7.5443637547282,2.964010610466,3.94809757938053,-15.7064024545862,5.37983838954712,10.3968076616121,3.65221012208734,2.052738472526,3.05243763087539
59,República Dominicana,DOM,-2.31324874995215,17.0472409332998,6.5029026339739,6.76486511640719,-12.4818339161578,13.4633448325871,3.32754228723313,0.238860484696033,10.8914458307792,18.2266828796502,10.8714660681825,10.3941640767605,12.8957637251018,6.00190290333001,5.19325335716054,6.72812264197154,4.98178395087527,2.14068467652768,4.53139921679188,7.96873850744203,4.27986747952673,1.69870863097844,4.62794634845423,1.25289597452468,-2.12253497623708,3.52199319901496,10.1173673617477,2.15596333107848,4.40053881491089,-5.45431239511254,0.944138889056532,11.2374641300752,7.36669526975602,2.59378305986246,5.69998859173715,5.96119319380874,8.89955230035797,6.70585570778992,5.95651024999543,4.65172550299128,2.46937023763239,4.48650367045651,-1.34935744782766,2.58556667449577,9.43178931977285,9.17120650955299,7.41840577774235,3.26808671288212,1.00345293018719,8.40114541209596,3.19196227475523,2.77567100848816,4.93473300709881,7.11122629673892,6.98771131236387,6.71974078681295,3.93386176401576,7.09751640210159,4.8940301149584,-7.92905234231061,14.0124289062207,5.23795652902595,2.19229848237939,4.95352204492849,2.11739113534632
66,Ecuador,ECU,5.12441487887448,4.91914694399127,2.10636824719379,7.40724535940373,3.27508248987445,-0.33952563927852,4.62107394346161,1.90943839737609,4.66923798208919,6.87192932488124,6.29260619739669,5.01764070581541,13.9506821300277,11.208509630308,10.9721540022298,7.39718761871015,1.6048421092884,5.70682494541619,3.73404840305636,3.70868296743329,5.61286412023385,0.614845351988635,-0.336868770002951,2.62527326806389,3.93500141252335,3.46478251574867,-0.259098708877119,5.89046729088525,1.00577794490313,3.67991405308877,4.29134246404705,2.11431064978969,1.97321813678619,4.25825042741626,2.25254865225104,1.73174762607862,4.32786475767577,3.26652934570988,-4.73938585363382,1.09180164720277,4.20627185748789,4.92809549611376,2.88450036512064,6.83239736646514,5.39862243994342,4.34113198577639,1.90242859700484,6.56492068224719,1.0910129698311,4.02913787986621,8.48147656332823,5.783212336172,7.21123653679159,4.22606520388456,0.119692109287612,-0.687954245877947,5.97039880954841,1.04429460679607,0.1654044646003,-9.24509619165865,9.42189269033631,5.86842354862311,1.8328406107788,-1.94409022506859,3.72594857272087
89,Granada,GRD,4.89227701008051,5.41188961342047,4.71029133985073,5.8000000040378,4.93054100754495,5.374419926244045,4.13486416579858,5.21514161490035,4.73690901583991,4.94188689356858,4.3046924914760805,5.13657134176563,5.504994988357835,5.43490275126951,2.561627639769175,5.298744202312005,5.626283731931795,5.34140218518347,5.60208348590967,-0.534783988422475,1.53418747275683,4.12426157156393,3.63257489695788,3.56846533761095,5.97970814111039,7.19427376957988,9.09742510698013,2.96679168426633,3.76773076437745,4.01261191599704,1.38554578702994,-0.851148756391396,-1.95881558143746,1.69355604419043,2.12947514959858,4.43823471603358,5.01549460936745,11.7535029919192,6.89836243368677,4.88795213650562,-2.02390004072058,3.43732352954147,9.46397343076491,-0.647450316084857,13.2761883306272,-3.99532824427482,6.12345094741467,0.947542624907697,-6.61328134799545,-0.511146187173722,0.764773550338731,-1.15483816409801,2.35109801677905,7.34212396037948,6.44522314693144,3.7396039558691,4.43867566948151,4.36144039364797,0.676511738873756,-13.7566222572107,4.6977240232674,7.31023806981959,4.52657497450693,2.3996478454327,4.41201
91,Guatemala,GTM,4.29851834874688,3.53650126284866,9.54104393054875,4.63299243190491,4.36176931452728,5.51210399019357,4.11217561696343,8.76603505425516,4.73690901583991,5.70788359811974,5.58375454736793,7.33305162061406,6.78283433749129,6.37502990286956,1.94999082158344,7.38726562476302,7.80922068405067,4.99668981954586,4.71345609171885,3.75997816033124,0.646858610432233,-3.53008900954855,-2.57209144433914,0.496697752643456,-0.609338955584263,0.143049595525113,3.54398330651921,3.89238706354786,3.94258951982349,3.10256317557587,3.65824875006811,4.83833884688683,3.92713194504024,4.03374149641458,4.94854750210382,2.95777988740716,4.36408994678341,4.99352780305848,3.8470621889051,3.6088687174876,2.33257486608854,3.83928708556792,2.56037766801896,3.13791683609193,3.27602692588886,5.35139778711536,6.33771869016203,3.29352400028485,0.476898106596394,2.88417542800377,4.16390688293349,2.97470856847661,3.69476814623695,4.44397825774911,4.09217170075418,2.6778031930216,3.0798512212244,3.40687328176345,4.01789830861587,-1.78555117570465,8.04170398855833,4.15492196609047,3.52430434049013,3.71558453779777,4.28003207921405
93,Guyana,GUY,4.68952431164918,1.10492580955443,-12.2786572607531,11.3602823799386,10.5410187618772,5.23327389402719,4.31362182924127,1.02482755310702,6.99438665753721,4.25545689303152,3.11285084398625,-3.3176709348416,1.24471935231686,7.70283994935743,8.48302151373474,1.53691327860348,-2.63867966107593,-1.80618877216861,-1.83569626054445,1.73388972721931,1.49616592020392,-13.1901344884724,-6.792386689346,-5.02873786366854,2.39966745807851,-0.900602237275649,0.899396594038478,-3.69353310075873,-4.91666666511816,-3.06748466406728,6.05786618530573,7.75788577607526,8.17510549304023,8.53242316667276,5.03144655812085,7.95551754125103,6.18066561019938,-1.67910449189729,2.96015180311224,-1.36380390261873,2.2795216592191,1.13262696199476,-0.632225388266377,1.56335211034042,-1.95095759501714,5.12960934773,7.19123624057457,1.75522349592019,3.61150847218585,4.13844160137342,5.19625156051602,5.27633062046809,3.65338433338232,1.68649445019584,0.687404590619494,3.80745626378814,3.73449154571284,4.44091288475967,5.35284003535665,43.479651716849,20.0599975568418,63.3346343654855,33.795011115873,43.8192726391966,19.3360097091818
96,Honduras,HND,1.66356461642803,2.18523652981222,1.26827909278258,1.54715605635589,2.58333582121715,-1.11932816500057,3.76437003674084,-1.17815493672721,0.881367760385189,4.94188689356858,4.65493718159253,3.90537684149935,4.44128830650889,9.41117622705514,5.3200213329476,16.1000612479848,8.67824908440281,12.9383124816161,11.5302614235207,13.0461742022835,7.25433073403863,4.3913059235414,6.99586711936102,2.35846275081614,4.66822602953714,5.53564279745997,1.74009422609132,7.57442109483326,7.12826947076638,21.1713674322465,26.0469005554795,9.03523510162955,13.6371743358989,29.0190203167888,24.6744628782887,22.957391093437,22.4277452884418,11.5761659693973,11.5758601448677,9.61221879337278,2.72319327321379,3.75433786119939,4.54703805165397,6.23230296069102,6.05059922215973,6.56724355177587,6.18832716678008,4.23160011009342,-2.43162787988011,3.73114034433009,3.83569066207505,4.12868774866939,2.79155975746801,3.0580805621437,3.84007997093951,3.89297219726413,4.84291391050387,3.84499476966735,2.55963434592314,-8.96508223267296,12.5652843771279,4.14356194013767,3.57584760454412,3.63240745450875,3.75143102801252
99,Haití,HTI,-2.93198029126782,7.88757589385567,-1.89279255057041,-1.64735736887533,2.16179786144892,-0.575786801046178,-2.11768620106355,3.18161732148926,3.81194328486592,0.651153708034172,6.48038050132288,0.977107758966667,4.75532209168918,5.77988915170621,1.12275449104284,8.43883542963357,3.7081464367304,6.20886353648547,7.5604214016743,7.37468791939079,-2.85270971115165,-3.56374522434297,0.908181461269791,0.300917036236442,0.603631294369663,-0.497504788372368,-0.793648700197082,0.200426837325949,-2.91342439807192,1.03812280198248,1.88054472396281,-5.30993292251178,-5.42629599215383,-11.9506292939561,9.89770748815705,4.14077332856783,2.70471393077787,2.18184032957123,2.71024801048499,0.870059259424892,-0.342747883252144,1.05182013450109,3.48077973188326,-1.3178567596495,3.07217337664731,1.76875060288195,4.70652994008303,2.6580323082747,5.89037894844316,-5.65151153448299,5.09821354410036,0.502424403581585,4.32478411472874,2.88877250863379,1.40000000859727,1.81246807847532,2.51027134544685,1.66781095484656,-1.72309699839232,-3.30550546965893,-1.79823988931486,-1.68198396897978,-1.86388420254838,-4.18495104762965,-2.71291075761471
116,Jamaica,JAM,4.89227701008051,5.41188961342047,4.71029133985073,5.8000000040378,4.93054100754495,5.374419926244045,1.80863851891935,5.74413221562098,5.57467387070459,12.0644090390182,2.45807345173883,18.0085552919373,-5.48550909116167,-4.22926130986501,-0.25609225691494,-6.6942450951283,-2.59754869763765,-0.0537003148015742,-1.06004131730283,-5.71415924592799,2.63944799408762,2.06923162402543,1.90907840238197,-1.54234579969579,-2.94363557496624,1.88258818544895,7.850354826906,3.97430201540247,7.17330434565815,4.2005351147029,4.83823875455573,1.95554250017773,9.41710256580915,1.38338980682033,2.34995703773234,-0.113731205844019,-1.14045987350366,-2.33455353946911,1.04767386709968,0.87870355044231,1.34492956615135,1.99729094191295,3.66631759041991,1.32372510450574,0.893797935409893,2.89912534481287,1.43195403769627,-0.811736702186792,-4.34530185828071,-1.45714720850386,1.73037627006349,-0.613636042132399,0.517686011311724,0.689822359762587,0.92148712399856,2.76043761369557,2.29303371291363,2.51584458612513,1.80943147301357,-8.30441923583135,5.70467978309095,6.43930323656186,2.74634433906714,-0.535039063867487,0.0816454877745656
132,Santa Lucía,LCA,4.89227701008051,5.41188961342047,4.71029133985073,5.8000000040378,4.93054100754495,5.374419926244045,4.13486416579858,5.21514161490035,4.73690901583991,4.94188689356858,4.3046924914760805,5.13657134176563,5.504994988357835,5.43490275126951,2.561627639769175,5.298744202312005,5.626283731931795,10.3119407617241,3.79273440292036,-2.22052811020254,6.31025315590261,2.08634210684508,4.96538398505454,7.26557365165689,8.28776508696711,14.4020192775924,3.92373138061495,13.8996638309097,8.98100421493095,9.89070151995526,0.375678035079076,7.9530753604442,0.583199758222051,1.59856016206341,1.74822586503767,2.92258795742219,-0.694130142059308,6.28647121511862,2.67060351127419,0.0487485535201131,-3.40806396189404,0.416450493043214,4.26461148738223,7.2674088699471,-0.410304726290235,6.19525729141048,1.69161857433913,4.94932194028057,-2.82889954830628,0.330018546071486,4.32694280532142,-0.108756148262358,-1.81877603735991,1.32809022110105,0.101917836412952,3.42787214525211,3.37982617272246,2.88677902171601,-1.0293678947917,-22.9005138634176,11.1466993240856,19.3456795355342,3.90774802925928,4.76890217855616,-0.57407528214496
153,México,MEX,5.00000000072309,4.66441467253127,8.10688692761114,11.9054807657866,7.09999999747173,6.09613930256681,5.85492487897324,9.42327881831926,3.41862002349839,6.50248403469675,3.76246768495716,8.22880731245257,7.86111986063614,5.77682723020618,5.74448504862428,4.41744413626853,3.39063970656844,8.95694232786306,9.69817013704461,8.75662242586424,9.58584115454994,-0.0495863656386035,-4.62412795987231,3.51341334932273,1.91921578613494,-3.92995990782299,2.06336322631584,1.21826122938586,3.62544873456009,5.25004329944582,3.97590497138043,3.56861354412243,2.86699945461075,4.39412788764169,-5.91029962358286,6.21829715869302,7.19887615284711,6.18507893082885,2.75503039300564,5.02928399378261,-0.450845253215945,-0.236588001922641,1.18554486709559,3.56544102622887,2.11324711473297,4.80501351664901,2.0778639395329,0.943331872912935,-6.29525056697287,4.9713345832195,3.44404505297089,3.55321076010608,0.852101550164704,2.50376350783593,2.70232343024026,1.7724932254128,1.87172854648381,1.97208211101069,-0.392690513290532,-8.35403459379062,6.04848347173572,3.70975708309098,3.1067964131456,1.35057631384696,0.561683456144578
174,Nicaragua,NIC,7.49774339849093,10.8907983290977,10.8654792457821,11.6984790301544,9.52515582624807,3.30113639858887,6.96951382476809,1.34296005265668,6.23770390833241,1.35382659012741,3.30475650020483,2.22072289181064,6.41701397366108,14.1924250953043,-0.153246894342743,5.20945449847707,8.36848053029937,-7.83880037064259,-26.478788867521,4.6117322795338,5.36329018938126,-0.816361918743468,4.61321162700499,-1.56609391319724,-4.08185148731935,-1.01730916120101,-0.706352941499915,-12.4498220367125,-1.73821633052118,-0.0524997212688305,-0.189281493926757,0.386346578416166,-0.392936046663081,3.33772611282539,5.91190793658714,6.3442683605154,3.96665092760821,3.71168146396694,7.03597046350201,4.10159025073438,2.96084349057273,0.753938876079573,2.52073289551447,5.31217056950739,4.28239833770654,4.15294559846254,5.0763520180987,3.43571693608081,-3.2926651586197,4.41009911716546,6.31668553491842,6.4961364710876,4.92709413447304,4.78546013589983,4.79226768332697,4.56314739524967,4.63120757580209,-3.3633566598573,-2.89686986728901,-2.23654176262323,10.4543887816515,3.55027477135765,4.42779393186883,3.58094495324541,4.92352556770889
184,Panamá,PAN,10.926594841623,8.24473681997463,8.53878879939805,4.43213036829097,9.16003626205379,7.58140188284906,8.55293117898977,6.97738862373494,8.44138916877408,6.95922610779934,9.61613757840476,4.58281250525241,5.36431021720534,2.44831956246551,1.74091944012658,1.66446135972971,1.0940258905988,9.79264391816659,4.51475107985127,13.0844817290489,9.20680945357908,5.34845643837734,-4.49136434642946,2.70947377305887,4.94223365153981,3.56778822819052,-1.80905548139501,-13.3798437826627,1.56224700549564,8.09899300573224,9.41900604873607,8.20167952936097,5.45574476975436,2.85014717061981,1.75167890389389,4.0797027065703,7.70904000189154,8.38747212468969,5.21164584606353,4.20900547865375,0.949908149985234,2.50884372716125,5.09686030493801,8.17565333965649,8.27618334503531,9.85723870564752,13.1530653782933,10.1974325907958,1.61186405976055,6.07339353106087,11.9088772249531,9.62729346439019,6.32435388662846,4.62581375565551,5.26691719595516,4.57196707937275,5.7440594635578,3.91824253321265,3.10295395631086,-17.8211174074602,16.4669992022652,11.0386022908773,7.16634016390665,2.74784148771307,4.35030460627731
185,Perú,PER,7.34709633145569,10.0352933342212,4.32824981844591,6.54786765047102,5.62173344947736,8.2389204457594,3.85256440782895,0.152237710931757,3.51445891251396,3.36594600332614,4.59053992759885,3.47753512310473,6.27693475562022,9.38683491938303,4.30086316548426,1.44711099517411,0.349063699303812,-2.64250297882154,4.09075057410003,5.94333539830841,5.55204181484046,-0.2227234441863,-10.408085798297,3.60828653816966,2.06113206625895,9.42596236073652,9.72614643050372,-9.44127344629392,-12.3120414471296,-4.98256353646605,2.2192591027909,-0.540509124723926,5.24357700773291,12.3083661848445,7.41139504735119,2.79897307912609,6.47682442079709,-0.391537555833821,1.49491064308833,2.69437139806912,0.617892325624297,5.45352893818767,4.16502313666112,4.95820320611745,6.28506032509601,7.5288990440594,8.5183877690955,9.1265683014642,1.0958236592427,8.33245910749577,6.32719240161117,6.13972470560435,5.85251821084928,2.38215737180541,3.25224477218451,3.95331871520767,2.51883544233135,3.969351341365,2.24063176875049,-10.9333065010382,13.4166456126513,2.81819976419922,-0.350699814345759,3.5152749274832,3.43056395124466
194,Paraguay,PRY,6.90028551422945,3.30025851602093,4.71029133985073,4.21247735945683,6.16797475642743,1.99150333527275,9.15036720414034,4.52707384188076,4.70115140770775,5.55342573311894,5.538151942856,6.63129747573396,7.30281290740682,8.38152543650033,6.85244471412953,7.52594953142729,11.4940816019955,12.0287299461216,11.862146971295,11.712145943448,9.17045884942912,-1.39761771803515,-3.0426178847186,2.81659944601458,4.5231356783092,4.96483566571362,7.58230437604178,5.91537206556045,6.93520391103523,4.12328287941739,3.49365015491472,1.69642801124701,4.93635941475281,5.31791766023942,6.82281030358578,1.57378513175006,4.24251610269859,0.0680377558080636,-1.36607971240079,-2.31414056819045,-0.834054716746095,-0.0214043949985694,4.32074548551591,4.05741836363771,2.13349066459601,4.80711719268376,5.42162287218235,6.4962921197091,-0.261137328080281,11.0952312685521,4.28637120702282,-0.708043112316886,8.29307648940471,5.30123864473624,2.95715168367079,4.26802583314583,4.81007885554041,3.20425034076639,-0.40185510068001,-0.819785390971916,3.99461510731535,-0.0280771723899278,5.28584584975323,4.66914577981763,6.64262511156879
210,El Salvador,SLV,4.89227701008051,5.41188961342047,4.71029133985073,5.8000000040378,4.93054100754495,7.16113774212035,5.43684884780356,3.23669238728887,3.48541881377602,2.97729509281315,3.85825751349313,6.11753368716674,4.86167350408661,5.33600110676542,2.92353188852029,5.04926017375946,6.78006172824861,5.32276583472789,-4.18026543326904,-15.8368642948659,-5.72099045152937,-6.30847137584757,1.53902528398682,1.3352580295922,0.614316239316253,0.19467303778427,2.50816921310606,1.878176962178,0.964059196617328,4.83290057793786,1.49408756791307,7.02196331575217,5.81831555719015,4.6920617266787,4.73408140229732,0.811461899328009,3.13797006665828,2.65227730016461,2.16203373722973,1.12790697674419,0.879613659882722,1.57291844759789,1.56539303147618,0.889404485692197,2.68083009363194,4.3369986028604,1.84760220587859,2.15440298282768,-2.10876837627522,2.15419536693635,3.80688113429295,2.82262371802327,2.23562439198375,1.70870628357073,2.40000008852115,2.53906241135864,2.24761908134138,2.4124442237792,2.43747159065784,-7.893101359867,11.9047617015957,2.9546041089332,3.35508721646165,2.5904637107794,3.90594189242583
219,Suriname,SUR,4.79999998694005,3.90000000631146,5.60000000041359,6.50000000660916,12.0000000009194,19.1999999853885,12.1000000069554,7.60000000122862,4.49999999500439,2.70000000174831,3.89999999988031,-0.600000002867247,-1.7999999922735,0.399999992289239,2.79999999838039,8.80000000640359,10.1999999978279,6.59999999826209,-0.599999993319713,-8.80000000368032,7.10000000052638,-4.20000000002048,-3.90000000527979,-1.89999999376079,2.00000000362783,0.799999993864688,-6.19999999331796,7.79999999163023,4.19999999718658,-4.49999999759301,2.69999913539954,0.400000008536168,-6.6999981497152,3.39999889736058,0.0,1.00000122281456,5.6999976832949,2.30000165105389,-1.4000004700581,2.09999886750489,4.20000042083539,2.80000068850687,6.29999943314137,8.50000018479413,4.50000021086888,5.79354358463304,5.11148777773458,4.14340681165626,3.01369898266211,5.16882515225814,5.84936767173009,2.69034974668847,2.9334416518612,0.255503031645475,-3.41304268067621,-4.91166050905851,1.56603782534897,4.94827108468886,1.16758977233877,-15.9751917148622,-2.43538583612838,2.40622235601218,2.41659215006946,1.72095749127065,1.79169153226913
241,Trinidad y Tobago,TTO,14.037070864503,2.74246314643362,5.60459724643465,7.63049977210248,0.693850281194557,4.05682156067668,2.04251771480521,5.21514161490035,2.73068461003507,3.53363567797224,1.04033582781962,5.78034681913935,1.65642076642045,3.80760400856937,1.47796537123553,6.40514537866505,9.12179038765797,10.0164804979013,3.59936750975606,10.390810137283,4.57720855842996,3.79931807144484,-10.3003284842942,-5.75090617005851,-4.1194195543724,-3.27916304799267,-4.56177853811394,-3.91972405050394,-0.829914212231699,1.50916784295177,3.11240786575588,10.092979512969,-0.66911476645933,3.56718060581952,3.80991314364765,7.13447746480871,7.52285462627518,8.1245639965458,8.02481764350063,6.90135959072803,4.16852398185424,7.93670968715332,14.4409895389734,7.95005151069972,6.20893787954175,13.2080586051735,4.75420970092722,3.39173707807387,-4.3917292474614,3.32322471027371,-0.294354409043763,6.71074625448722,3.36819291689019,3.67086851032413,-0.406283288730492,-7.53636305379372,-4.87274946918724,-0.945449700943314,0.467734528855885,-8.78879817831519,-0.716740625909793,0.86126082651883,1.46645947294053,2.50920813979569,-0.787768572727643
249,Uruguay,URY,2.49303791805684,-1.57454885002421,0.170458855734793,2.44052077893583,1.04560405431261,3.06285593493642,-3.65683411281653,1.88891174472745,5.8647406331108,2.33321338074524,-0.251711531030196,-1.31956986163931,0.275199617416817,2.89534459834873,6.09691431298931,3.93547017536275,1.45546117847255,5.37398534767648,6.1991167323612,5.84340090113461,1.55955982937495,-9.75787146088504,-10.274399195032,-1.142617449752,1.46653602887281,8.80980829469384,7.99313720510438,1.48093746177193,1.1039010238153,0.297348378681562,3.53880850451309,7.93158841395443,2.65754610698545,7.28134264410127,-1.44759896894408,5.57795776385868,8.54768320111596,4.51889009679091,-1.52094591992036,-1.92993063549235,-3.84412995940374,-7.73200721540044,0.805283915893824,5.00416035564457,7.4601321302473,4.09857735445401,6.54151084504817,7.17614466455107,4.24349419462426,7.8034096507169,5.16213302463606,3.53817872056869,4.63753862902416,3.23879122952364,0.370741257681345,1.68979822971775,1.74037649141989,0.164777608846705,0.928351027546341,-7.35732706897301,5.84427325018082,4.60623000920732,0.761749241321681,3.32575905957381,1.78471117082752
250,Estados Unidos,USA,2.29999999989235,6.100000008077,4.40000000466181,5.8000000040378,6.40000000107759,6.50000000865072,2.49999999306594,4.80000000278329,3.09999999656958,0.216606498143278,3.29272243899894,5.25550197771585,5.64567975951033,-0.540550190362552,-0.205619191208058,5.38803390614694,4.62418650079432,5.53520648057204,3.16598822512103,-0.256775739391401,2.53770127042986,-1.80301377321203,4.58379096944093,7.2364531665454,4.16957535422245,3.46265504522061,3.45462966441372,4.17698239478443,3.67223784138015,1.88596557755378,-0.108312873733027,3.52249717254271,2.75179586314481,4.02902272637739,2.68443073970295,3.77277269047364,4.44712793442667,4.48313335499124,4.78842504836746,4.07758575997799,0.955538337599847,1.70044733078285,2.79560596378604,3.84777169267127,3.48354993710312,2.78453963674239,2.0038583039496,0.113587247501258,-2.5765002366652,2.69519258673525,1.56440685205419,2.28911339009767,2.11783009443471,2.52381981757846,2.94555045227337,1.81945147909089,2.45762230126449,2.96650506701943,2.58382533052225,-2.081375977796,6.15202247867526,2.52421385073222,2.93436322440155,2.79318715363841,2.16138195623856
252,San Vicente y las Granadinas,VCT,4.52728343656233,3.69426175616188,-6.26533863461877,3.66972562214288,0.884935067524722,0.0,-9.5238134868062,6.50970596033511,2.86084490854772,10.7458896213528,2.96805060811765,25.8314887749849,-11.1013349323496,-8.82059161778473,-7.60870937535856,10.3768202054377,13.2294111793488,9.77747389000672,3.38221687351745,2.44272030705477,4.61390411174469,4.4768491414777,2.16859610337228,6.5863390070146,6.17934619533374,5.59974051938687,0.438004972316747,14.07469453936,1.40561082593132,4.14918678513905,1.13557520041245,6.37794062708292,4.25073077397103,-1.24762336447148,7.76665024455248,1.28791200314089,3.50515087270627,4.0901949332585,2.71031071289156,1.63903190394467,1.74823102028898,5.34212707436718,6.69133665352797,4.11469880444737,2.48855733938132,6.99692626758825,3.3229685982929,0.404640808638888,-1.3781936056056,-4.47046793507802,-0.60627665148327,1.16911218376478,2.4624841721544,1.1457271877622,2.78509791763551,4.1496810046981,1.54810173239956,3.1756114423991,0.668428481084234,-4.26892434422649,2.09340124465459,3.1108330034352,5.32636472098717,4.06183490050209,3.3921670546227
253,Venezuela,VEN,3.19251943889398,8.53293376290674,3.90095116381792,11.1293452932632,4.16286666476357,1.51025011101906,2.83386903098911,7.33723265821649,0.706036796155843,7.71191438124403,1.47929120998975,1.28280503619405,7.10995789495574,2.0693332016931,2.89625778007141,7.72773984679841,6.27078351298832,2.34689637191228,0.764355145425611,-4.42132236441761,-1.26182965299685,2.55591054313101,-9.65732087227414,5.17241379310344,0.655737704918025,6.18892508143323,4.9079754601227,6.43274853801171,-14.010989010989,6.70926517571885,9.5808383233533,6.01092896174865,0.257731958762889,-2.31362467866325,3.94736842105263,-0.25316455696202,6.34517766497463,0.477326968973756,-5.93824228028504,3.53535353535352,3.41463414634147,-8.72641509433961,-7.75193798449614,18.2072829131653,10.1895734597156,9.89247311827957,8.80626223091976,5.21582733812949,-3.07692307692308,-1.5873015873016,4.12186379928315,5.67986230636832,1.30293159609121,-3.85852090032154,-6.18729096989966,-17.1122994652406,-15.6989247311828,-19.6428571428571,-27.6190476190476,-29.8245614035088,0.625000000000014,8.07453416149069,4.02298850574712,5.52486187845305,1.57068062827224
